var,layer,band,train_valid_frac,mean_ms,std_ms,min_ms,max_ms,p0.1_ms,p1_ms,p50_ms,p99_ms,p99.9_ms,inc_mean_ms,inc_std_ms,norm_clip_frac,norm_std,norm_p1_p99_width,val_pers_rmse_d1_ms,val_pers_rmse_d5_ms,val_pers_rmse_d10_ms,val_pers_rmse_d15_ms,val_pers_rmse_coastal_d1_ms,val_pers_rmse_coastal_d5_ms,val_pers_rmse_coastal_d10_ms,val_pers_rmse_coastal_d15_ms
u,0,bottom,1,-0.0195984,0.101807,-0.839533,1.14664,-0.383114,-0.284754,-0.00849339,0.216374,0.298721,-3.3937e-06,0.0485019,0,0.0221707,-0.109131,0.0496203,0.0916956,0.0921323,0.0942635,0.0224378,0.0363793,0.037233,0.0363921
u,1,bottom,1,-0.0218097,0.113149,-0.908426,1.27399,-0.427352,-0.317495,-0.0092905,0.240808,0.332197,-3.82541e-06,0.0538399,0,0.0246406,-0.121582,0.0550962,0.101852,0.102353,0.104719,0.0246666,0.0400155,0.0409438,0.0400014
u,2,bottom,1,-0.0237428,0.123141,-0.964089,1.37762,-0.465725,-0.346113,-0.00999866,0.262146,0.361121,-4.19982e-06,0.0585366,0,0.0268165,-0.132461,0.0599093,0.110801,0.111352,0.113932,0.0266138,0.043189,0.0441743,0.043149
u,3,bottom,1,-0.0251782,0.130659,-1.00194,1.45066,-0.494102,-0.367348,-0.0105074,0.277998,0.382211,-4.4777e-06,0.0620654,0,0.0284538,-0.140538,0.0635223,0.117539,0.118124,0.120869,0.0280821,0.0455773,0.0465998,0.0455156
u,4,bottom,1,-0.026409,0.137225,-1.03324,1.51147,-0.518476,-0.385606,-0.0109263,0.291817,0.400682,-4.71772e-06,0.0651423,0,0.0298837,-0.147523,0.0666724,0.123435,0.124046,0.126937,0.0293737,0.0476708,0.0487221,0.047588
u,5,bottom,1,-0.0275224,0.143397,-1.06027,1.56654,-0.540839,-0.402628,-0.0112755,0.304623,0.417765,-4.93522e-06,0.068032,0,0.0312277,-0.154019,0.0696318,0.129006,0.129639,0.132666,0.0306154,0.0496728,0.0507484,0.0495672
u,6,bottom,1,-0.0285294,0.14951,-1.08586,1.61904,-0.562293,-0.418926,-0.0115599,0.316937,0.434274,-5.13255e-06,0.0708963,0,0.032559,-0.16025,0.0725666,0.134581,0.135225,0.138386,0.0318878,0.051711,0.0528077,0.0515785
u,7,bottom,1,-0.0293783,0.155881,-1.10914,1.67065,-0.583618,-0.434866,-0.0118026,0.32954,0.450637,-5.30421e-06,0.0738949,0,0.0339463,-0.166466,0.0756406,0.140484,0.141117,0.144415,0.0332562,0.0538891,0.0550025,0.053722
u,8,bottom,1,-0.029966,0.162888,-1.13319,1.72237,-0.604258,-0.450716,-0.0119829,0.343663,0.46741,-5.45202e-06,0.0772349,0,0.0354722,-0.172993,0.0790804,0.147122,0.147704,0.151154,0.0347748,0.0562969,0.0574184,0.0560827
u,9,bottom,1,-0.0302242,0.170923,-1.15504,1.77446,-0.625094,-0.466856,-0.0120415,0.361519,0.487416,-5.61616e-06,0.0811604,0,0.037222,-0.180396,0.0831748,0.154942,0.155446,0.159084,0.0364764,0.0589944,0.0601092,0.0587172
u,10,middle,1,-0.0302793,0.180098,-1.19703,1.82693,-0.645901,-0.484222,-0.0120063,0.38274,0.51554,-5.84077e-06,0.0858225,0,0.0392202,-0.188799,0.0880902,0.164159,0.164602,0.168494,0.0383515,0.0619708,0.0630638,0.0616232
u,11,middle,1,-0.030485,0.189775,-1.2755,1.87916,-0.668256,-0.503536,-0.0118645,0.403957,0.55007,-6.09019e-06,0.0910074,0,0.0413274,-0.197626,0.0935384,0.174203,0.174722,0.178887,0.0403282,0.0650992,0.0661652,0.0646948
u,12,middle,1,-0.0311383,0.198368,-1.36455,1.93033,-0.690927,-0.522442,-0.0117436,0.421205,0.579615,-6.28241e-06,0.0959377,0,0.0431989,-0.205499,0.0986632,0.183623,0.184448,0.188807,0.0422829,0.068149,0.069192,0.0677055
u,13,middle,1,-0.0322725,0.204142,-1.44827,1.97924,-0.710476,-0.536662,-0.0116802,0.435299,0.599499,-6.37857e-06,0.0996953,0,0.0444562,-0.211665,0.102475,0.19093,0.192206,0.196607,0.0441038,0.0709174,0.0719604,0.0704546
u,14,middle,1,-0.0339297,0.206963,-1.52644,2.02595,-0.726443,-0.544827,-0.0119403,0.44489,0.609507,-6.39185e-06,0.102129,0,0.0450707,-0.215532,0.104814,0.19575,0.197572,0.201817,0.0457759,0.0734186,0.0745345,0.0730002
u,15,middle,1,-0.0363619,0.20887,-1.59273,2.06863,-0.741271,-0.552544,-0.0129733,0.446867,0.613427,-6.3844e-06,0.104063,0,0.0454859,-0.217643,0.106553,0.199487,0.201994,0.206012,0.0474137,0.0759269,0.0772494,0.0757005
u,16,middle,1,-0.0398197,0.212112,-1.64408,2.10625,-0.760408,-0.565938,-0.01498,0.447601,0.612134,-6.48236e-06,0.106441,0,0.0461919,-0.220719,0.108576,0.20385,0.207234,0.211073,0.0492105,0.0788018,0.080491,0.0789956
u,17,middle,1,-0.0443631,0.217454,-1.68885,2.13843,-0.785341,-0.58667,-0.0180905,0.453607,0.617874,-6.74815e-06,0.109551,0,0.0473552,-0.226542,0.111223,0.209357,0.213847,0.217663,0.0513594,0.0823485,0.0845419,0.0832136
u,18,middle,1,-0.049835,0.224402,-1.75645,2.16515,-0.817239,-0.610069,-0.0226698,0.466601,0.632381,-7.12846e-06,0.113215,0,0.0488682,-0.234468,0.114418,0.215594,0.221317,0.225341,0.0539351,0.0867612,0.0895672,0.0885251
u,19,middle,1,-0.0557585,0.232285,-1.86082,2.1867,-0.85384,-0.634387,-0.0285587,0.484853,0.654705,-7.53721e-06,0.117273,0,0.0505849,-0.243738,0.117992,0.222238,0.229066,0.23355,0.0568504,0.0920557,0.0955683,0.0949022
u,20,upper,1,-0.0613186,0.24093,-1.96717,2.2037,-0.889674,-0.656864,-0.0351003,0.510942,0.690331,-7.93549e-06,0.121631,0,0.0524675,-0.254314,0.121893,0.229456,0.237189,0.242386,0.0598997,0.0979603,0.102246,0.102009
u,21,upper,1,-0.0656805,0.250402,-2.05263,2.21702,-0.923562,-0.67719,-0.0413894,0.544103,0.745405,-8.30784e-06,0.126132,0,0.0545303,-0.265962,0.125972,0.23751,0.246095,0.252198,0.0628536,0.10398,0.109045,0.109242
u,22,upper,1,-0.0686406,0.260169,-2.11168,2.22751,-0.952962,-0.695468,-0.046933,0.580617,0.800232,-8.6447e-06,0.130464,0,0.0566572,-0.277895,0.129882,0.24601,0.255502,0.262547,0.0655411,0.109622,0.115421,0.115999
u,23,upper,1,-0.0707509,0.269263,-2.15157,2.23583,-0.976834,-0.711678,-0.0513978,0.613119,0.843498,-8.94227e-06,0.134304,0,0.0586376,-0.288503,0.13334,0.254017,0.264404,0.272242,0.0678823,0.11458,0.121029,0.121914
u,24,upper,1,-0.0727593,0.277068,-2.18023,2.24248,-0.995583,-0.725977,-0.0551299,0.637614,0.876247,-9.20033e-06,0.137554,0,0.0603373,-0.296951,0.136256,0.260864,0.272011,0.280441,0.069885,0.118775,0.125771,0.126891
u,25,upper,1,-0.075174,0.283583,-2.2042,2.24785,-1.01208,-0.739319,-0.0584258,0.655018,0.898967,-9.42226e-06,0.140341,0,0.0617561,-0.303646,0.138739,0.266497,0.278219,0.287062,0.0716281,0.122308,0.129754,0.131052
u,26,upper,1,-0.0782569,0.289271,-2.22761,2.25221,-1.02538,-0.752703,-0.0618,0.666912,0.914195,-9.61729e-06,0.142914,0,0.0629949,-0.309151,0.141026,0.271343,0.283459,0.292596,0.0732439,0.125418,0.133231,0.134671
u,27,upper,1,-0.0822626,0.294925,-2.25389,2.25574,-1.03968,-0.767229,-0.0657675,0.675587,0.925299,-9.8026e-06,0.145621,0,0.0642261,-0.314204,0.143446,0.276114,0.288487,0.297875,0.0749325,0.128476,0.136611,0.13818
u,28,upper,1,-0.088008,0.302006,-2.28978,2.25835,-1.06022,-0.787264,-0.0710869,0.683819,0.937491,-1.001e-05,0.149154,0,0.0657681,-0.320359,0.146629,0.282068,0.294632,0.304321,0.0771055,0.13221,0.140687,0.142401
u,29,upper,1,-0.0947584,0.31005,-2.33234,2.25964,-1.08406,-0.810178,-0.0772948,0.692839,0.950922,-1.02203e-05,0.15328,0,0.06752,-0.327314,0.150366,0.288861,0.301587,0.311616,0.0796515,0.136461,0.145293,0.147164
v,0,bottom,1,0.000821526,0.050986,-0.837286,0.587865,-0.159147,-0.119793,0.000798207,0.118994,0.172461,-3.16441e-06,0.0280143,0,0.0148485,-0.0695414,0.0284535,0.0469099,0.0475843,0.0485447,0.0186524,0.0301443,0.0309795,0.0298825
v,1,bottom,1,0.000884242,0.0564144,-0.928918,0.568489,-0.176831,-0.13316,0.000862306,0.132044,0.189213,-3.51844e-06,0.0310047,0,0.0164294,-0.0772349,0.0314911,0.0519085,0.0526612,0.0537336,0.0204836,0.0331364,0.034042,0.032818
v,2,bottom,1,0.000962105,0.0611576,-1.00124,0.575828,-0.192192,-0.144755,0.000917904,0.143468,0.203279,-3.82254e-06,0.0336381,0,0.0178108,-0.0839385,0.0341677,0.0563028,0.0571197,0.058293,0.0220869,0.0357453,0.03671,0.0353849
v,3,bottom,1,0.00104002,0.0646587,-1.05059,0.61066,-0.203467,-0.153172,0.000950158,0.151844,0.213712,-4.03899e-06,0.0356097,0,0.0188304,-0.0888293,0.0361747,0.0595812,0.060441,0.0616901,0.0232995,0.0377053,0.0387126,0.0373184
v,4,bottom,1,0.00111713,0.0676352,-1.09039,0.639473,-0.212859,-0.160212,0.000960867,0.159003,0.223425,-4.2126e-06,0.0373221,0,0.0196972,-0.0929643,0.0379242,0.0624162,0.0633077,0.0646219,0.024372,0.0394226,0.0404657,0.0390162
v,5,bottom,1,0.0011966,0.0703409,-1.12541,0.664356,-0.221405,-0.166488,0.000928719,0.165452,0.232269,-4.35572e-06,0.0389351,0,0.0204852,-0.0966701,0.0395821,0.0650668,0.0659812,0.067354,0.0254119,0.0410672,0.0421432,0.0406466
v,6,bottom,1,0.00128417,0.0729,-1.15791,0.6851,-0.22936,-0.172334,0.000857633,0.171763,0.241003,-4.46994e-06,0.04055,0,0.0212305,-0.100211,0.041255,0.0676803,0.0686098,0.0700339,0.026482,0.0427369,0.0438458,0.0423077
v,7,bottom,1,0.00137796,0.0753582,-1.189,0.700764,-0.236957,-0.177798,0.000709538,0.178043,0.250214,-4.55135e-06,0.0422342,0,0.0219464,-0.103631,0.0430138,0.0703298,0.0712656,0.0727243,0.0276103,0.0444774,0.0456213,0.0440442
v,8,bottom,1,0.00142817,0.0776341,-1.21904,0.714713,-0.244405,-0.182764,0.000421611,0.184268,0.25975,-4.59582e-06,0.0439805,0,0.0226092,-0.10689,0.044852,0.0729698,0.0739015,0.0753621,0.0287733,0.0462589,0.0474384,0.0458165
v,9,bottom,1,0.00127801,0.0794298,-1.24818,0.739922,-0.251957,-0.186953,-0.000145273,0.189907,0.268891,-4.5906e-06,0.0456451,0,0.0231322,-0.109752,0.0466083,0.0753559,0.0762787,0.0777045,0.029885,0.0479557,0.0491607,0.0474744
v,10,middle,1,0.000691876,0.0802282,-1.27924,0.766448,-0.257788,-0.189255,-0.00117463,0.193507,0.275381,-4.48944e-06,0.0469369,0,0.0233647,-0.111471,0.047974,0.0770044,0.0779549,0.0793048,0.0308247,0.0493832,0.0505872,0.048797
v,11,middle,1,-0.000430524,0.0795237,-1.32407,0.792729,-0.259411,-0.187774,-0.00257655,0.193935,0.277945,-4.23557e-06,0.0475359,0,0.0231595,-0.111164,0.0486622,0.0774527,0.0784619,0.0796583,0.0315136,0.0504256,0.0515933,0.0496369
v,12,middle,1,-0.00187506,0.0773933,-1.389,0.818141,-0.256491,-0.180844,-0.00380806,0.190119,0.274108,-3.79885e-06,0.0474216,0,0.0225391,-0.108035,0.0486708,0.0767586,0.0777035,0.0785838,0.0319796,0.0511657,0.0522726,0.0500822
v,13,middle,1,-0.00330587,0.0752811,-1.4608,0.841441,-0.260531,-0.174218,-0.00462765,0.186095,0.26554,-3.20947e-06,0.0471387,0,0.0219239,-0.104933,0.0485698,0.0759897,0.0766737,0.0771801,0.0323545,0.0518932,0.0529473,0.0504853
v,14,middle,1,-0.0045704,0.0754299,-1.55117,0.86111,-0.2805,-0.182739,-0.0052017,0.18685,0.262265,-2.55881e-06,0.047534,0,0.0219673,-0.107635,0.0491845,0.0769928,0.0773393,0.0777383,0.0328221,0.0529774,0.0540416,0.0513179
v,15,middle,1,-0.00561518,0.0785875,-1.63206,0.876456,-0.315176,-0.207744,-0.00555885,0.196129,0.273396,-1.94275e-06,0.0490947,0,0.0228868,-0.117619,0.0509409,0.0805098,0.0806766,0.0811448,0.0335625,0.0547022,0.0558896,0.0529679
v,16,middle,1,-0.00650633,0.0840397,-1.72838,0.889309,-0.36069,-0.236757,-0.00550082,0.209898,0.296164,-1.41056e-06,0.0517534,0,0.0244747,-0.130078,0.0536958,0.0856352,0.0858793,0.0864251,0.0347131,0.0571554,0.058614,0.0555833
v,17,middle,1,-0.00751373,0.0912597,-1.81525,0.900239,-0.41491,-0.267643,-0.00507779,0.225299,0.323331,-1.01725e-06,0.0552195,0,0.0265773,-0.143558,0.0571143,0.0914818,0.0920668,0.0927523,0.0363631,0.060321,0.0621963,0.0591405
v,18,middle,1,-0.00895054,0.0998756,-1.91593,0.908761,-0.475336,-0.303205,-0.00459082,0.240934,0.34913,-8.02385e-07,0.0592626,0,0.0290865,-0.158468,0.0611378,0.0978581,0.0991108,0.0999419,0.0384912,0.0641257,0.0665203,0.0634966
v,19,middle,1,-0.0110154,0.109206,-1.98249,0.915631,-0.533296,-0.344197,-0.00467142,0.255026,0.372277,-7.38681e-07,0.0637702,0,0.0318039,-0.17451,0.0658142,0.105041,0.107171,0.108165,0.0409489,0.0683626,0.071297,0.0683408
v,20,upper,1,-0.0136121,0.118571,-2.01177,0.921325,-0.582851,-0.383344,-0.00543,0.267843,0.39047,-7.60929e-07,0.0686495,0,0.034531,-0.189644,0.0708741,0.113174,0.116269,0.117511,0.0435361,0.0727673,0.0761987,0.0733312
v,21,upper,1,-0.0161489,0.127334,-2.00435,0.926445,-0.625312,-0.416408,-0.00636823,0.278552,0.404271,-8.18515e-07,0.0736339,0,0.0370832,-0.202391,0.0758243,0.121772,0.12587,0.127411,0.0460607,0.0770721,0.080932,0.0781494
v,22,upper,1,-0.0178486,0.134863,-1.98768,0.931396,-0.66444,-0.441144,-0.00662881,0.287909,0.41738,-8.83631e-07,0.0782687,0,0.0392759,-0.21232,0.0802477,0.129832,0.134871,0.13668,0.0483741,0.0810314,0.0852478,0.0825297
v,23,upper,1,-0.0184089,0.140789,-1.99222,0.936347,-0.692955,-0.458153,-0.00611002,0.295699,0.428281,-9.45371e-07,0.0821751,0,0.0410016,-0.219543,0.0839079,0.136511,0.142362,0.144329,0.0503995,0.0844952,0.0890062,0.0863322
v,24,upper,1,-0.0181284,0.145198,-2.01987,0.944031,-0.71562,-0.470192,-0.00512137,0.302708,0.438337,-1.00131e-06,0.0852482,0,0.0422857,-0.22509,0.0867917,0.141551,0.148042,0.150125,0.0521379,0.0874492,0.0922075,0.0895635
v,25,upper,1,-0.0175029,0.148499,-2.03877,0.962851,-0.731589,-0.478823,-0.00412701,0.308605,0.446543,-1.05548e-06,0.0876254,0,0.043247,-0.229321,0.089056,0.145241,0.152204,0.154404,0.0536562,0.0900028,0.094978,0.0923541
v,26,upper,1,-0.0168795,0.151184,-2.05458,0.990589,-0.742701,-0.485129,-0.00333892,0.313829,0.453487,-1.11345e-06,0.0895865,0,0.0440289,-0.232679,0.0909165,0.148113,0.155439,0.157734,0.0550762,0.0923613,0.0975433,0.0949304
v,27,upper,1,-0.0163777,0.153757,-2.07119,1.16267,-0.754063,-0.490492,-0.00274662,0.319441,0.460333,-1.18306e-06,0.0914935,0,0.0447784,-0.235875,0.0926502,0.150751,0.158414,0.160751,0.0565892,0.094847,0.100254,0.0976402
v,28,upper,1,-0.0159573,0.156977,-2.09368,1.24695,-0.766748,-0.496428,-0.00216606,0.326276,0.471448,-1.28185e-06,0.0939299,0,0.0457161,-0.239594,0.0947503,0.153974,0.16205,0.164349,0.058591,0.0981129,0.103821,0.101186
v,29,upper,1,-0.0156151,0.160798,-2.12055,1.31319,-0.78079,-0.503651,-0.00154114,0.334085,0.484405,-1.39913e-06,0.0968544,0,0.0468289,-0.243972,0.0972073,0.157762,0.166307,0.168503,0.061008,0.102039,0.108113,0.105432
